{
  "name": "Oswald",
  "designer": "Vernon Adams",
  "license": "OFL",
  "visibility": "External",
  "category": "Sans Serif",
  "size": 26980,
  "fonts": [
    {
      "name": "Oswald",
      "postScriptName": "Oswald-Bold",
      "fullName": "Oswald Bold",
      "style": "normal",
      "weight": 700,
      "filename": "Oswald-Bold.ttf",
      "copyright": "Copyright (c) 2011-2012, Vernon Adams (vern@newtypography.co.uk), with Reserved Font Names 'Oswald'"
    },
    {
      "name": "Oswald",
      "postScriptName": "Oswald-Light",
      "fullName": "Oswald Light",
      "style": "normal",
      "weight": 300,
      "filename": "Oswald-Light.ttf",
      "copyright": "Copyright (c) 2011-2012, Vernon Adams (vern@newtypography.co.uk), with Reserved Font Names 'Oswald'"
    },
    {
      "name": "Oswald",
      "postScriptName": "Oswald-Regular",
      "fullName": "Oswald Regular",
      "style": "normal",
      "weight": 400,
      "filename": "Oswald-Regular.ttf",
      "copyright": "Copyright (c) 2011-2012, Vernon Adams (vern@newtypography.co.uk), with Reserved Font Names 'Oswald'"
    }
  ],
  "subsets": [
    "latin",
    "latin-ext",
    "menu"
  ],
  "dateAdded": "2012-02-29"
}
